{
  "meta": {
    "project": "GW-1 零碳辐射制冷涂料",
    "model": "OEM 轻资产财务模型 v2.0",
    "seed": 20260607,
    "n_sim": 50000,
    "assumptions": {
      "cogs_ratio": 0.5,
      "sga_ratio": 0.16,
      "rd_ratio": 0.09,
      "wc_ratio": 0.25,
      "tax_rate": 0.15,
      "wacc": 0.1,
      "perp_growth": 0.03,
      "initial_equity": 1.0,
      "pe_multiple": 25.0,
      "ps_multiple": 6.0,
      "capex_total": 0.8
    }
  },
  "oem_base": {
    "pnl": {
      "years": [
        2026,
        2027,
        2028,
        2029,
        2030
      ],
      "revenue": [
        0.3,
        2.8,
        6.78,
        10.24,
        9.0
      ],
      "cogs": [
        0.15,
        1.4,
        3.39,
        5.12,
        4.5
      ],
      "gross": [
        0.15,
        1.4,
        3.39,
        5.12,
        4.5
      ],
      "sga": [
        0.048,
        0.44799999999999995,
        1.0848,
        1.6384,
        1.44
      ],
      "rd": [
        0.027,
        0.252,
        0.6102,
        0.9216,
        0.8099999999999999
      ],
      "depreciation": [
        0.06,
        0.1,
        0.13,
        0.15,
        0.16
      ],
      "ebit": [
        0.015,
        0.6,
        1.5650000000000004,
        2.4100000000000006,
        2.09
      ],
      "tax": [
        0.00225,
        0.09,
        0.23475000000000004,
        0.3615000000000001,
        0.31349999999999995
      ],
      "net_income": [
        0.01275,
        0.51,
        1.3302500000000004,
        2.0485000000000007,
        1.7765
      ]
    },
    "cashflow": {
      "net_income": [
        0.01275,
        0.51,
        1.3302500000000004,
        2.0485000000000007,
        1.7765
      ],
      "depreciation": [
        0.06,
        0.1,
        0.13,
        0.15,
        0.16
      ],
      "wc_change": [
        -0.075,
        -0.625,
        -0.9950000000000001,
        -0.865,
        0.31000000000000005
      ],
      "ocf": [
        -0.002250000000000002,
        -0.015000000000000013,
        0.46525000000000016,
        1.3335000000000006,
        2.2465
      ],
      "capex": [
        -0.3,
        -0.2,
        -0.15,
        -0.1,
        -0.05
      ],
      "fcf": [
        -0.30225,
        -0.21500000000000002,
        0.31525000000000014,
        1.2335000000000005,
        2.1965000000000003
      ],
      "cum_fcf": [
        -0.30225,
        -0.51725,
        -0.20199999999999985,
        1.0315000000000007,
        3.228000000000001
      ]
    },
    "tv": 32.32,
    "npv": 21.06,
    "irr": 99.7,
    "payback": 4,
    "roic": 58.2,
    "cum_ni": 5.68,
    "cum_capex": 0.8,
    "valuation": {
      "pe": 44.41,
      "ps": 54.0,
      "dcf_ev": 22.06,
      "blended": 49.21
    }
  },
  "oem_aggr": {
    "pnl": {
      "years": [
        2026,
        2027,
        2028,
        2029,
        2030
      ],
      "revenue": [
        0.5,
        3.5,
        8.5,
        14.0,
        18.0
      ],
      "cogs": [
        0.25,
        1.75,
        4.25,
        7.0,
        9.0
      ],
      "gross": [
        0.25,
        1.75,
        4.25,
        7.0,
        9.0
      ],
      "sga": [
        0.08,
        0.56,
        1.36,
        2.24,
        2.88
      ],
      "rd": [
        0.045,
        0.315,
        0.765,
        1.26,
        1.6199999999999999
      ],
      "depreciation": [
        0.06,
        0.1,
        0.13,
        0.15,
        0.16
      ],
      "ebit": [
        0.06499999999999999,
        0.775,
        1.9949999999999997,
        3.35,
        4.34
      ],
      "tax": [
        0.009749999999999998,
        0.11624999999999999,
        0.29924999999999996,
        0.5025,
        0.6509999999999999
      ],
      "net_income": [
        0.055249999999999994,
        0.6587500000000001,
        1.6957499999999996,
        2.8475,
        3.689
      ]
    },
    "cashflow": {
      "net_income": [
        0.055249999999999994,
        0.6587500000000001,
        1.6957499999999996,
        2.8475,
        3.689
      ],
      "depreciation": [
        0.06,
        0.1,
        0.13,
        0.15,
        0.16
      ],
      "wc_change": [
        -0.125,
        -0.75,
        -1.25,
        -1.375,
        -1.0
      ],
      "ocf": [
        -0.009750000000000009,
        0.008750000000000036,
        0.5757499999999998,
        1.6225,
        2.849
      ],
      "capex": [
        -0.3,
        -0.2,
        -0.15,
        -0.1,
        -0.05
      ],
      "fcf": [
        -0.30974999999999997,
        -0.19124999999999998,
        0.42574999999999974,
        1.5225,
        2.7990000000000004
      ],
      "cum_fcf": [
        -0.30974999999999997,
        -0.5009999999999999,
        -0.07525000000000015,
        1.44725,
        4.24625
      ]
    },
    "tv": 41.19,
    "npv": 27.23,
    "irr": 110.4,
    "payback": 4,
    "roic": 69.6,
    "cum_ni": 8.95,
    "cum_capex": 0.8,
    "valuation": {
      "pe": 92.22,
      "ps": 108.0,
      "dcf_ev": 28.23,
      "blended": 100.11
    }
  },
  "montecarlo": {
    "n_sim": 50000,
    "seed": 20260607,
    "npv_mean": 12.17,
    "npv_median": 11.58,
    "npv_p5": -0.79,
    "npv_p95": 28.32,
    "irr_mean": 70.4,
    "val_mean": 46.24,
    "val_p5": 27.91,
    "val_p95": 66.23,
    "p_success": 92.36,
    "p_strong": 56.47,
    "p_excellent": 3.68,
    "p_fail": 7.64,
    "p_bankrupt": 4.38,
    "hist_counts": [
      0,
      0,
      0,
      0,
      0,
      0,
      1836,
      1985,
      2373,
      2265,
      2158,
      2109,
      2163,
      2161,
      2319,
      2396,
      2551,
      2548,
      2625,
      2632,
      2332,
      2168,
      2001,
      1800,
      1601,
      1417,
      1156,
      998,
      873,
      651,
      564,
      480,
      400,
      285,
      243,
      215,
      154,
      107,
      105,
      81
    ],
    "hist_edges": [
      -10.0,
      -8.75,
      -7.5,
      -6.25,
      -5.0,
      -3.75,
      -2.5,
      -1.25,
      0.0,
      1.25,
      2.5,
      3.75,
      5.0,
      6.25,
      7.5,
      8.75,
      10.0,
      11.25,
      12.5,
      13.75,
      15.0,
      16.25,
      17.5,
      18.75,
      20.0,
      21.25,
      22.5,
      23.75,
      25.0,
      26.25,
      27.5,
      28.75,
      30.0,
      31.25,
      32.5,
      33.75,
      35.0,
      36.25,
      37.5,
      38.75,
      40.0
    ],
    "risk_contribution": [
      {
        "var": "delay",
        "pearson": -0.7694,
        "variance_pct": 65.63
      },
      {
        "var": "wacc",
        "pearson": -0.3709,
        "variance_pct": 15.25
      },
      {
        "var": "rev_mult",
        "pearson": 0.2836,
        "variance_pct": 8.92
      },
      {
        "var": "cogs",
        "pearson": -0.2386,
        "variance_pct": 6.31
      },
      {
        "var": "sga",
        "pearson": -0.1254,
        "variance_pct": 1.74
      },
      {
        "var": "rd",
        "pearson": -0.087,
        "variance_pct": 0.84
      },
      {
        "var": "oem_fee",
        "pearson": -0.0769,
        "variance_pct": 0.66
      },
      {
        "var": "quality_hit",
        "pearson": -0.0774,
        "variance_pct": 0.66
      }
    ]
  },
  "sensitivity": [
    {
      "factor": "OEM加工费/原料(COGS)",
      "low": 25.41,
      "high": 16.7,
      "swing": 8.71
    },
    {
      "factor": "折现率(WACC)",
      "low": 25.59,
      "high": 17.68,
      "swing": 7.91
    },
    {
      "factor": "营业收入",
      "low": 18.77,
      "high": 23.35,
      "swing": 4.58
    },
    {
      "factor": "销售管理费率(SG&A)",
      "low": 22.45,
      "high": 19.67,
      "swing": 2.78
    },
    {
      "factor": "研发费率(R&D)",
      "low": 21.84,
      "high": 20.27,
      "swing": 1.57
    },
    {
      "factor": "所得税率",
      "low": 21.41,
      "high": 20.7,
      "swing": 0.71
    },
    {
      "factor": "营运资本占比",
      "low": 20.95,
      "high": 21.17,